categorie,nom_contractant ,description,montant_transaction,arrondissement,numero_decision-resolution,numero_acte_notarie,
"Demande d'intervention, de permission et d'autorisation d'effectuer des travaux",Ministère Des Transports Et De La Mobilité Durable (Mtmd),"Approuver un projet d’entente bilatérale entre la Ville et le ministère des Transports et de la Mobilité durable (MTMD), lequel permet à la Ville d'effectuer des travaux de construction d’un collecteur pluvial et sanitaire sur une partie du lot 1 251 244 du cadastre du Québec, et ce, malgré l’imposition d’un avis de réserve sur une partie dudit lot par le MTMD. N/Réf. : 31H12-005-4075-01 / Mandat : 23-0507-T","0,00 $",Montréal-Est,CE23 1869,non applicable,
Droit de préemption,Alberto Neyra,"Exercer le droit de préemption pour acquérir de Monsieur Alberto Neyra, à des fins de logement social, un terrain d’une superficie de 374,6 mètres carrés, connu et désigné comme étant le lot 2 167 490 du cadastre du Québec, sur lequel est érigé le bâtiment sis au 7120 rue D’Iberville, dans l’arrondissement de Villeray–Saint-Michel–Parc-Extension,  pour le prix de 1 630 000 $ en plus des taxes applicables, le cas échéant. Autoriser une dépense maximale pour la sécurisation de l’immeuble de 7 500 $ toutes taxes comprises. Amender l’annexe 1 de la convention de gestion conclue avec la SHDM pour y ajouter l’immeuble. Réf. : 31H12-005-1864-02","1 630 000,00 $",Villeray - Saint-Michel - Parc-Extension,CE23 1601,28388257,
Droit de préemption,9262-1192 Québec Inc,"Exercer le droit de préemption pour acquérir de 9262-1192 Québec inc., à des fins de logement social, un immeuble situé au 2023-2025 rue Wellington, dans l'arrondissement du Sud-Ouest, connu et désigné comme étant le lot 1 381 820 du cadastre du Québec, d'une superficie de 211,1 m², au prix de 590 000 $, plus les taxes applicables le cas échéant. Autoriser une dépense pour la détention de l'immeuble de 7 950 $ net de taxes pour l'année 2023 et de 4 450 $ net de taxes pour chacune des années subséquentes et, ce, jusqu'à la revente de l’immeuble. N/Réf. : 31H05-005-7471-08/ Mandat 23-0423-T","590 000,00 $",Le Sud-Ouest,CE23 1443,28361026,
Droit de préemption,9595988 Canada Inc.,"Exercer le droit de préemption pour acquérir de 9595988 Canada Inc., à des fins de logement sociaux, l’immeuble connu et désigné comme étant le lot 2 249 855 du cadastre du Québec, situé au 7335 rue du Mile End, dans l’arrondissement de Villeray–Saint-Michel–Parc-Extension, d’une superficie de 1 005,5 mètres carrés, pour le prix de 2 350 000 $ en plus des taxes applicables, le cas échéant. Pour l’année 2023, autoriser une dépense maximale pour la détention de l’immeuble de 13 230 $, net de taxes et de 39 670 $ net de taxes pour chacune des années subséquentes et ce, jusqu’à la revente de l’immeuble. N/Réf. : 31H12-005-1162-03/Mandat 23-0399-T","2 350 000,00 $",Villeray - Saint-Michel - Parc-Extension,CE23 1391,28361083,
Droit de préemption,Parc Olympique Westmont Inc.,"Exercer le droit de préemption pour acquérir de Parc Olympique Westmount inc., à des fins de logement abordable et social, l’immeuble connu et désigné comme étant le lot 1 879 184 du cadastre du Québec, situé au 1451-1455 rue Sicard, dans l’arrondissement de Mercier - Hochelaga-Maisonneuve, d’une superficie de 427,3 mètres carrés, pour le prix de 1 475 000 $ en plus des taxes applicables, le cas échéant. N/Réf. : 31H12-005-1875-08/Mandat 23-0372-T.","1 475 000,00 $",Mercier - Hochelaga-Maisonneuve,CE23 1236,23001732,
Droit de préemption,Viken Gulumian,"Exercer le droit de préemption pour acquérir de Viken Gulumian, à des fins de logement social, un immeuble sur lequel est érigé la bâtisse sise au 2661, rue du Centre, dans l’arrondissement du Sud-Ouest, correspondant au lot 1 380 819 du Cadastre du Québec, d’une superficie totale de 249,3 m², pour le prix de 1 385 000 $, plus les taxes applicables, le cas échéant. Autoriser une dépense maximale pour la sécurisation de l’immeuble de 150 000 $, toutes taxes comprises.  N/Ref : 31H05-005-7369-08. Mandat : 23-0312-T","1 385 000,00 $",Le Sud-Ouest,CE23 1130,28220186,
Emphytéose - modification/création,Office Municipal D’Habitation De Montréal,"Approbation d'un projet d’acte de prolongation d’emphytéose entre l’Office municipal d’habitation de Montréal et la Ville de Montréal, afin de prolonger de 2 ans la durée de l’emphytéose consentie en faveur de la Ville sur le terrain connu comme étant les lots 1 247 150 et 1 247 151 du cadastre du Québec, d’une superficie de 118 838 pi², soit jusqu’au 14 juin 2025, pour les fins d’un parc, soit le parc Michel-Ménard, la rente annuelle pour la période de prolongation sera de 1 $, plus les taxes applicables, le cas échéant - Bâtiment 9143  N/Réf.: 31H05-005-6452-01/Mandat 23-0278-T","0,00 $",Lachine,CA23 19 0133,28086798,
Vente de terrain résiduel et de partie de ruelle selon l'encadrement,Franco Scarola Et Loretta Mastromattéo,"Approuver le projet d'acte par lequel la Ville de Montréal vend à Franco Scarola et Loretta Mastromattéo, aux fins d'assemblage résidentiel, un résidu de terrain situé au sud-ouest de la 4e Avenue et au sud-est de la 4e Rue, dans l'arrondissement de Rivière-des-Prairies–Pointe-aux-Trembles, d'une superficie de 260,9 m², pour le prix de 19 200 $, plus les taxes applicables.","19 200,00 $",Rivière-des-Prairies - Pointe-aux-Trembles,CM12 1437,28501180,
Acquisition de gré à gré - sans bâtiment,Syndics Apostoliques Des Frères Mineurs Ou Franciscains De La Province Saint-Joseph Du Canada,"Approuver un projet d'acte de cession par lequel la Ville de Montréal acquiert de Syndics apostoliques des frères mineurs ou franciscains de la province Saint-Joseph du Canada un terrain étant le lot 6 008 185 du cadastre du Québec, circonscription foncière de Montréal, d'une superficie de 1 807,3 m², situé au sud du boulevard René-Lévesque Ouest, côté ouest de la rue du Fort, dans l'arrondissement Ville-Marie, à des fins de parc, sans contrepartie financière.","0,00 $",Ville-Marie,CA23 240190,28195096,
Droit de préemption,Rfa Verdun Limited Partnership,"Exercer le droit de préemption pour acquérir de RFA Verdun Limited Partnership, à des fins de logement abordable, un terrain d’une superficie de 5 642 mètres carrés, sur lequel est érigé le bâtiment sis au 1050-1150 rue Gordon, dans l’arrondissement de Verdun, connu et désigné comme étant le lot 1 185 543 du cadastre du Québec, pour le prix de 8 100 000 $ en plus des taxes applicables, le cas échéant. Autoriser à partir de 2024, un transfert budgétaire en provenance du Service de l'Habitation vers le Service de la gestion et planification des immeubles d'un montant de 198 000 $ afin de couvrir les frais de détention en lien avec cette acquisition, et ce, jusqu'au transfert à un organisme. Réf. : 31H05-005-6868-03","8 100 000,00 $",Verdun,CE23 0921,28181001,
Mainlevée,Di Lillo Construction Ltée,"Approuver le projet d’acte par lequel la Ville de Montréal accorde mainlevée pure et simple de l’inscription du droit de résolution résultant de l’acte d’échange publié à la circonscription foncière de Montréal, sous le numéro 23 444 431, relativement à un immeuble situé au 12131-12139, avenue Bois-de-Boulogne, dans l’arrondissement d'Ahuntsic-Cartierville.","0,00 $",Ahuntsic - Cartierville,DA239081002,28298769,
Droit de préemption,Huynh Vinh An Nguyen,"Exercer le droit de préemption pour acquérir de monsieur Huynh Vinh An Nguyen, à des fins de logement social, l'immeuble connu et désigné comme étant le lot 2 167 333 du cadastre du Québec, situé au 7085, rue Louis-Hémon, dans l’arrondissement de Villeray–Saint-Michel–Parc-Extension, d'une superficie de 315,2 mètres carrés pour le prix de 1 530 000 $ plus les taxes applicables, le cas échéant. N/Réf. : 31H12-005-1764-06/ Mandat 22-0634-T","1 530 000,00 $",Villeray - Saint-Michel - Parc-Extension,CE230117,27904315,
Droit de préemption,Société En Nom Collectif Levac,"Exercer le droit de préemption pour acquérir de Société en nom collectif Levac, à des fins d'habitation, notamment abordable, l'immeuble connu et désigné comme étant le lot 1 885 088 du cadastre du Québec, situé au 2250, rue Plessis, dans l’arrondissement de Ville-Marie, d'une superficie de 568,4 mètres carrés pour le prix de 2 250 000 $ plus les taxes applicables, le cas échéant. N/Réf.: 31H12-005-0870-11/Mandat 22-0633-T","2 250 000,00 $",Ville-Marie,CE230118,27927928,
Acquisition par expropriation - sans bâtiment,Jonathan Jabra / Stéphanie Livernoche,"Décréter l'assujettissement à une servitude aux fins d'utilités publiques, par voie d'expropriation ou par tout autre moyen, de parties de terrain situées sur la rue de la Montagne, entre les rues Wellington et Ottawa, dans l'arrondissement Le Sud-Ouest, dans le cadre du projet d'enfouissement  des lignes aériennes d'électricité et de télécommunications. N/Réf. : 31H05-005-7871-16.",non applicable,Le Sud-Ouest,CM23 1427,non applicable,
Acquisition de gré à gré - sans bâtiment,M. Schmidt,"Approuver l'acquisition à des fins de parc régional, d'un terrain vacant d'une superficie totale de 974,9 mètres carrés, connu et désigné comme étant le lot 1 416 988 du cadastre du Québec, situé dans la ville  de Beaconsfield, pour un montant de 17 500 $, en plus des taxes applicables, le cas échéant. N/Réf.: 31H05-005-5917-01 / Mandat: 22-0622-T.","17 500,00 $",Beaconsfield,DA229245002,27930383,
Acquisition de gré à gré - sans bâtiment,Société En Commandite 6085 Sherbrooke Est,"Approuver un projet d'acte par lequel la Ville acquiert de la Société en commandite 6085 Sherbrooke Est, un immeuble vacant d’une superficie de 2 309,5 m², situé à l'angle nord-ouest des rues Sherbrooke Est et Du Quesne dans l’arrondissement de Mercier – Hochelaga - Maisonneuve, à des fins de logement social et abordable, pour la somme de 1 091 859 $, plus les taxes applicables, le cas échéant. / Accorder mainlevée pure et simple de l'hypothèque créée en faveur de la Ville de Montréal et publiée au bureau de la publicité des droits de la circonscription foncière de Montréal, le 24 novembre 2022, sous le numéro 27 711 037. N/Réf. : 31H12-005-2573-05, mandat 22-0606-T","1 091 859,00 $",Mercier - Hochelaga-Maisonneuve,CG23 0114,27963827,
Vente de gré à gré,Institut De Recherche En Biologie Végétale,"Abroger la résolution CM18 1373 / Approuver un projet de convention par lequel la Ville de Montréal consent à l'Institut de recherche en biologie végétale de Montréal un usufruit sur des parties du lot 1 882 020 du cadastre du Québec connues comme étant des parties du bâtiment administratif du Jardin botanique de Montréal, situé au 4101, rue Sherbrooke Est, et une serre du Complexe C, d'une superficie totale de 3 682,2 m², dans l'arrondissement de Rosemont - La Petite-Patrie, pour la période du 1er décembre 2018 au 10 juillet 2039, dont le prix pour la durée représente un revenu estimé à 3 731 630,01 $, excluant les taxes. Le montant de la subvention pour 2023 est de 610 973,38 $, excluant les taxes. N/Réf. : 31H12-005-2069-01 / dossier 22-0515-T","0,00 $",Rosemont - La Petite-Patrie,CM23 0714,28142829,
Prolongation de l'obligation de construire,M. Eduardo (Eddy) Santoriello,"Approuver un projet d'acte modifiant un acte de vente publié le 27 février 2020, sous le numéro 25 237 031 afin de permettre à 3390551 Canada inc. d'obtenir un délai supplémentaire de seize (16) mois pour réaliser son obligation de construire sur un terrain vacant connu comme étant le lot 5 648 261 du cadastre du Québec, situé au 12224, 4e Avenue, dans l'arrondissement de Rivière-des-Prairies–Pointe-aux-Trembles, moyennant une somme de 1821,97 $, non taxable, pour la perte de recette fiscale pour les années 2023-2024.   N/Réf.: 31H12-005-4163-09  Mandat: 22-0481-T","1 366,00 $",Rivière-des-Prairies - Pointe-aux-Trembles,CM23 0713,28123339,
Acquisition de gré à gré - avec bâtiment,Groupe Skyplex S.E.N.C.,"Approuver un projet d'acte par lequel la Ville acquiert de Groupe Skyplex s.e.n.c., un terrain d’une superficie de 403,2 m² connu et désigné comme étant le lot 1 710 356 du cadastre du Québec, avec bâtiment dessus érigé, portant le numéro civique 2350, rue Des Ormeaux, dans l’arrondissement Mercier - Hochelaga-Maisonneuve, à des fins de parc local, pour la somme de 1 000 000 $ plus les taxes applicables, le cas échéant. Autoriser l'affectation d'une somme de 550 000 $, provenant du surplus de l'arrondissement, à cette fin.","1 000 000,00 $",Mercier - Hochelaga-Maisonneuve,CA23 27 0113,28052906,
Annulation de servitude,Me Georges Tremblay / Frédéric St-Louis Arrond. Verdun,"Approuver un projet d'acte par lequel la Ville de Montréal renonce à une servitude de restriction d'utilisation publiée au bureau de la publicité des droits de la circonscription foncière de Montréal, sous le numéro 4 170 438 et affectant le lot 1 199 099 du cadastre du Québec,, localisé au 1610, rue Stephens, dans l'arrondissement de Verdun, sans considération financière. N/Réf: 31H05-005-6366-03 / Mandat 22-0407-T","0,00 $",Verdun,DA224386006,27918982,
Acquisition de gré à gré - sans bâtiment,Hydro Québec,"Approuver un projet d'acte par lequel la Ville achète, de gré à gré, d'Hydro-Québec, deux terrains dans le projet du Secteur l'Assomption-Longue-Pointe, d'une superficie totale de 52 322 mètres carrés, pour la prolongation du boulevard de l'Assomption et à des fins de réserve foncière, lesquels sont connus et désignés comme étant une partie du lot 5 566 588 et le 6 231 028 du cadastre du Québec, dans l'arrondissement de  Mercier-Hochelaga-Maisonneuve pour un montant de 26 056 816 $, en plus des taxes applicables. N/Réf:31H12-005-2274-02. Mandat 22-0396-T","26 056 816,00 $",Mercier - Hochelaga-Maisonneuve,CM23 0036,28365192,
Emphytéose - modification/création,Office Municipal D’Habitation De Montréal,"Approuver un projet d'acte modifiant l'emphytéose entre la Ville de Montréal et l’Office municipal d’habitation de Montréal pour l’immeuble connu et désigné comme étant le lot 4 142 196 du cadastre du Québec, d'une superficie de 3931,5 mètres carrés, sur lequel sont érigées deux bâtisses sises au 2230 avenue Lionel-Groulx et au 2235 à 2247 rue Delisle, dans l'arrondissement Le Sud-Ouest, afin de prolonger la durée de l'emphytéose d'une période additionnelle de deux ans, soit du 1er mars 2023 au 28 février 2025, moyennant une rente annuelle de 5 520 $. -  La rente annuelle consentie représente une subvention totale de 1 280 000 $ pour la période de la prolongation. Référence : 31H05-005-7669-05","5 520,00 $",Le Sud-Ouest,CG23 0066,27876065,
"Demande d'intervention, de permission et d'autorisation d'effectuer des travaux",Bell Canada,Approuver une entente par laquelle la Ville de Montréal permet à Bell d'occuper une partie des lots 5 553 294 et 5 553 295 du cadastre du Québec pour l'installation et la présence...,"0,00 $",Montréal-Est,CE23 0578,non applicable,
Acquisition de gré à gré - avec bâtiment,Immeubles Sterling,"Approuver un acte par lequel la Ville de Montréal achète de Société en commandite Immeubles Sterling / Sterling Properties Limited Partnership, un immeuble connu et désigné comme étant le lot numéro 1 005 090 du cadastre du Québec, d'une superficie de 11 470 pieds carrés, situé au 7050 rue Jarry Est, dans l'arrondissement d'Anjou, à des fins de sports, culture et loisirs, pour un montant de 1 000 000 $, plus les taxes applicables.. N/Réf. : 31H12-005-3368-01 Mandat : 22-0259-T.","1 000 000,00 $",Anjou,CA23 12031,27911941,
"Demande d'intervention, de permission et d'autorisation d'effectuer des travaux",9346-5508 Québec Inc. Et Ministère Des Transports Du Québec,"Approuver un projet d’entente tripartite entre la Ville, la Société 9346-5508 QUÉBEC INC et le ministère des Transports (MTQ), permettant à la Ville et à la Société 9346-5508 QUÉBEC INC de poursuivre leurs négociations et signer une promesse bilatérale visant à établir une servitude d’utilités publiques et un bail affectant une partie du lot 6 414 140 du cadastre du Québec, dans le cadre de la construction d’un collecteur pluvial et sanitaire, et ce, malgré l’imposition d’une réserve sur une partie dudit lot par le MTQ. N/Réf. : 31H12-005-4075-01 / Mandat : 22-0218-T","0,00 $",Montréal-Est,CE23 0306,non applicable,
Vente de gré à gré,Obnl Place Griffintown,"Approuver un projet d'acte par lequel la Ville vend à l'OBNL Place Griffintown, un terrain vacant, connu et désigné comme étant le lot 1 852 773 du cadastre du Québec, situé du côté ouest de la rue Barré et au nord de la rue Versailles, d'une superficie de 1 945,9 m², dans l'arrondissement Le Sud-Ouest, aux fins de construction d'un projet de logements sociaux et communautaires, pour la somme de 720 000 $ plus les taxes applicables, le cas échéant./ Fermer et retirer du domaine public le lot  1 852 773 du cadastre du Québec. N/Réf.: 31H05-005-7870-14 Dossier # 22-0195-T.","720 000,00 $",Le Sud-Ouest,CG23 0316,28135719,
Vente de terrain résiduel et de partie de ruelle selon l'encadrement,Audrey Fortier Et Daniel  J Vena,"Approuver un projet d'acte par lequel la Ville vend, aux fins d'assemblage résidentiel, à madame Audrey Fortier et monsieur Daniel J Vena, une partie de rue située à l'angle nord-ouest de la 10e Avenue et de la 16e Rue, adjacente à l'adresse 45, 16e Rue, dans l'arrondissement Pierrefonds-Roxboro, d'une superficie de 278,8 m², pour le prix de 27 190,00 $ plus les taxes applicables/ Fermer et retirer du domaine public le lot 6 526 790 du cadastre du Québec  . N/Réf.: 31H12-005-0133-02 / Mandat: 22-0157-T","27 190,00 $",Pierrefonds - Roxboro,DA234396004,28209023,
Correction de titres,9906282 Canada Inc.,"Approuver un projet d’acte par lequel la Ville renonce partiellement à la servitude de non-construction consentie en sa faveur, aux termes d’un acte intervenu entre Les Constructions Fédérales inc., Groupe Allogio inc., Faubourg Pointe-aux-Prairies inc. et la Ville, sur vingt-et-un (21) lots situés sur les rues Jules-Helbronner et Trefflé-Berthiaume, laquelle fait partie du développement résidentiel Faubourg Pointe-aux-Prairies, dans l’arrondissement de Rivière-des-Prairies – Pointe-aux-Trembles.  N/Réf. :  31H12-005-5675-01 et 31H12-005-5675-05  N/D: 22-0119-T","0,00 $",Rivière-des-Prairies - Pointe-aux-Trembles,CM23 0858,28249189,
Mainlevée,Développement Roccabella Inc.,"Approuver le projet d'acte par lequel la Ville de Montréal accorde mainlevée totale et finale, de l’inscription du droit de résolution résultant de l’acte de vente intervenu entre la Ville de Montréal et la compagnie Développement Rocabella inc. , publié au bureau de la publicité des droits de la circonscription foncière de Montréal, sous le numéro 25 269 261 relativement à un immeuble désigné par le lot 6 284 871 du cadastre du Québec,  situé à l'angle nord-est de l'avenue des Canadiens-de-Montréal et de la rue De La Montagne, dans l'arrondissement Ville-Marie. N/Réf. : 31H05-005-7969-06 (mandat 22-0114-T)","0,00 $",Ville-Marie,DA234396003,28278141,
Acquisition de gré à gré - sans bâtiment,Association des professionnels de la construction et de l’habitation du Québec,"Approuver un projet d’acte de vente par lequel la Ville de Montréal acquiert de l’Association des professionnels de la construction et de l’habitation du Québec (APCHQ), afin d’élargir le boulevard des Roseraies, un terrain vacant connu et désigné comme étant le lot 6 506 431 du cadastre du Québec, situé au 6100, boulevard des Roseraies, dans l’arrondissement d’Anjou, pour la somme de 9 750 $, plus les taxes applicables, le cas échéant. Verser au domaine public de la Ville le lot 6 506 431 du cadastre du Québec. N/Réf. : 31H12-005-3173-05","9 750,00 $",Anjou,DA226462001,28220411,
Modification d'acte,Cominar,"Approuver un projet d’acte par lequel la Ville de Montréal renonce à l’option de se porter acquéreur d’un terrain vacant connu et désigné comme étant une partie du lot 1 382 613 du cadastre du Québec, situé au 1555 rue Carrie-Derick , dans l’arrondissement Le Sud-Ouest, dans le cadre de la vente conclue le 9 février 2005 (CM05 0028).","0,00 $",Le Sud-Ouest,CM23 0419,99999999,
Modification d'acte,Coopérative D’Habitation Oasis Sauvé De Montréal,"Approuver un projet d'acte modifiant l'emphytéose entre la Ville de Montréal et la Coopérative d’habitation Oasis Sauvé de Montréal pour la propriété sise au 655 à 675 Rue Sauvé Est, dans l'arrondissement Ahuntsic-Cartierville, connue et désignée comme étant le lot 1 995 445 du cadastre du Québec, afin de prolonger la durée de l'emphytéose d'une période additionnelle de 17 ans, soit à partir du 30 novembre 2036 jusqu'au 29 novembre 2053, dont la rente annuelle sera de 15 600 $. - La rente annuelle consentie représente une subvention totale d'au moins 4 410 000 $ pour la période de la prolongation. Référence : 31H12-005-1856-01 / dossier 22-0064-T","15 600,00 $",Ahuntsic - Cartierville,CG23 0387,28272266,
Vente de gré à gré,Habitations communautaires Loggia,"Approuver un projet d’acte par lequel la Ville de Montréal vend à l'organisme à but non lucratif Habitations communautaires Loggia, à des fins de construction d'un projet de logements sociaux et communautaires, un immeuble vacant situé côté sud de l’avenue Mont-Royal, à l’ouest de la rue Augustin-Frigon dans l'arrondissement Rosemont-La Petite-Patrie, d’une superficie de 2 468,8 mètres carrés, pour un montant de 1 008 000 $, plus les taxes applicables, le cas échéant.","1 008 000,00 $",Rosemont - La Petite-Patrie,CG23 0562,28411699,
"Demande d'intervention, de permission et d'autorisation d'effectuer des travaux",Énergir Société En Commandite,"Approuver une entente par laquelle la Ville permet à Énergir, société en commandite, d'occuper de façon permanente une emprise d'une superficie approximative de 225 m², sur l'immeuble situé au 3535, rue Sartelon, dans l'arrondissement Saint-Laurent, aux fins d'une conduite souterraine de gaz, le tout, pour un montant de 12 400 $","12 400,00 $",Saint-Laurent,CG23 0018,non applicable,
Acquisition de servitude,École De Technologie Supérieure,"Approuver un projet d’acte aux termes duquel l'École de technologie supérieure crée en faveur de la Ville, sans considération monétaire, une servitude réelle et perpétuelle d'aménagement à des fins publiques, d'une superficie de 14 m², grevant l’emplacement situé au sud-est de la rue Saint-Jacques entre la rue Peel et la rue de la Cathédrale dans l’arrondissement de Ville-Marie. N/Réf. : 31H05-005-7970-02 / Mandat 21-0549-T","0,00 $",Ville-Marie,DA224501001,28217710,
Acquisition de gré à gré - sans bâtiment,Les Cours Bellerive,"Approuver un projet d'acte par lequel la Ville acquiert de Développements Les Cours Bellerive inc., un terrain vacant connu et désigné comme étant le lot 6 377 181 du cadastre du Québec, d’une superficie de 2 317,7 m², situé à l'angle nord-ouest de la rue Notre-Dame et de l'avenue Messe dans l’arrondissement de Mercier – Hochelaga - Maisonneuve, à des fins de logements sociaux et communautaires pour la somme de 1 080 000 $, plus les taxes applicables, le cas échéant.","1 080 000,00 $",Mercier - Hochelaga-Maisonneuve,CG23 0649,28516611,
Acquisition de gré à gré - sans bâtiment,Hydro-Québec,"Approuver un projet d’acte par lequel la Ville de Montréal acquiert d'Hydro-Québec, un terrain vacant situé à l'intérieur des limites du Grand parc de l'Ouest dans l'arrondissement de Pierrefonds-Roxboro, connu et désigné comme étant le lot 1 977 325 du cadastre du Québec, d'une superficie de 31 215,40 mètres carrés, à des fins de parc régional, pour un montant de 940 000 $ plus les taxes applicables. N/Réf. : 31H05-005-6710-01 Mandat : 21-0413-T.","940 000,00 $",Pierrefonds - Roxboro,CG23 0256,25081816,
Acquisition de gré à gré - avec bâtiment,Pierre Beaudoin, Ginette Durand,"Approuver un projet d’acte de vente par lequel la Ville de Montréal acquiert de Mme Ginette Durand et M. Pierre Beaudoin, un terrain d’une superficie de 1 350,7 mètres carrés, sur lequel est érigé le bâtiment sis au 16 250 rue Bureau, dans l’arrondissement de Rivière des Prairies-Pointe aux Trembles, connu et désigné comme étant le lot 2 663 853 du cadastre du Québec, afin d’élargir la plage de l’Est,  pour le prix de 900 000 $ plus les taxes applicables, le cas échéant. / Verser au domaine public de la Ville le lot 2 663 853 du cadastre du Québec.","900 000,00 $",Rivière-des-Prairies - Pointe-aux-Trembles,CA23 30 05 0132,28062333
Acquisition de gré à gré - sans bâtiment,Les Sœurs De Sainte-Marcelline,"Approuver le projet d'acte par lequel Les Soeurs de Sainte-Marcelline vendent à la Ville de Montréal, un terrain vacant et assujettissent à une servitude d'utilités publiques des parties vacantes du terrain contigu, situé au 9167, boulevard Gouin Ouest dans l'arrondissement d'Ahuntsic-Cartierville, dans le cadre du projet de réaménagement du boulevard Gouin Ouest, pour le prix de 220 000 $, plus les taxes applicables. N/Réf. : 31H12-005-0541-03","220 000,00 $",Ahuntsic - Cartierville,CG23 0344,28388546,
Acquisition de gré à gré - sans bâtiment,Urban Capital-Harbour (Ml) Inc.,"Approuver un projet d'acte par lequel la Ville acquiert de Urban Capital-Harbour (ML) inc., un terrain vacant, désigné comme étant le lot  6 387 457 du cadastre du Québec, d'une superficie de 1 785,2 m², situé dans le projet immobilier Cité Midtown, sis au 200-250 boulevard Marcel-Laurin, au nord de l'autoroute 40, dans l'arrondissement de Saint-Laurent, aux fins de logements sociaux et communautaires, pour la somme de 1 032 000 $, plus les taxes applicables le cas échéant./ Accorder mainlevée pure et simple de l'hypothèque créée en faveur de la Ville afin de garantir les engagements relatifs au terrain social. N/Réf. : 31H12-005-0153-02 / Mandat : 21-0204-T.","1 032 000,00 $",Saint-Laurent,CG23 0164,28008472,
Acquisition de gré à gré - sans bâtiment,Prevel,"Approuver un projet d'acte de cession par lequel la Ville de Montréal acquiert de la Société en commandite Union sur le parc un terrain étant le lot 6 008 183 du cadastre du Québec, circonscription foncière de Montréal, d'une superficie de 1 316,3 m², situé au sud du boulevard René-Lévesque Ouest, côté ouest de la rue du Fort, dans l'arrondissement Ville-Marie, à des fins de parc, sans contrepartie financière.","0,00 $",Ville-Marie,CA23 240191,28215428,
Acquisition de gré à gré - sans bâtiment,Vision Max Services Immigration Inc.,"Approuver un projet d'acte de vente par lequel la Ville acquiert, à des fins de parc local, de Vision Max Services Immigration Inc., un terrain vacant d'une superficie de 730 m², connu comme étant le lot 6 297 918 du cadastre du Québec, situé dans l'arrondissement de Saint-Léonard, pour un montant de 447 700 $, plus les taxes applicables le cas échéant. N.Ref.: 31H12-005-2767-06 / Mandat 21-0103-T","447 700,00 $",Saint-Léonard,CA23 130013,27867391,
Vente de terrain résiduel et de partie de ruelle selon l'encadrement,Giusseppe Micheletti,"Approuver un projet d'acte par lequel la Ville vend, aux fins d'assemblage résidentiel, à Monsieur Giusseppe Micheletti, le lot 1 004 938, lequel est situé côté Est de l'avenue André-Laurendeau, au Sud de la rue Jarry, adjacent à l'adresse 8320, rue André-Laurendeau, dans l'arrondissement d'Anjou, d'une superficie de 17,6 m², pour le prix de 1 760,00$, plus taxes applicables.","1 760,00 $",Anjou,DA229081001,27878967,
Vente de terrain résiduel et de partie de ruelle selon l'encadrement,Jean-Francois Charky,"Approuver un projet d'acte par lequel la Ville vend, aux fins d'assemblage résidentiel, à Monsieur Jean-François Charky et Madame Isabelle Mounarath, un résidu de terrain, lequel est situé au sud de la rue Denonville entre la rue Hadley et la rue Briand, adjacent à l'adresse 2120-2128, rue Denonville, dans l'arrondissement du Sud-Ouest, d'une superficie de 70,1 m², pour le prix de 25 060,00$, plus taxes applicables le cas échéant / Fermer et retirer du domaine public le lot 6 489 694 du cadastre du Québec.","25 060,00 $",Le Sud-Ouest,DA229081002,27874201,
Vente de servitude,Compagnie Scaltest Inc.,"Approuver un projet d'acte unilatéral par lequel la Ville de Montréal, renonce à une servitude d’utilités publiques créée en sa faveur, publiée au bureau de la publicité des droits de la circonscription foncière de Montréal sous le numéro 3 513 671 et située en front sur le boulevard Perras entre la 48e et 49e Avenue, dans l'arrondissement de Rivière-Des-Prairies-Pointe-aux-Trembles, le tout sans compensation monétaire. N/Réf. : 31H12-005-4968-14, mandat 20-0482-T.","0,00 $",Rivière-des-Prairies - Pointe-aux-Trembles,DA224396005,28124128,
Acquisition de gré à gré - avec bâtiment,Société En Commandite Du 3552 St-Patrick,"Approuver un projet d'acte par lequel la Ville acquiert de La Société en commandite du 3552 St-Patrick, un terrain d’une superficie de 4632,1 m²  connu et désigné comme étant le lot 1 573 864 du cadastre du Québec, avec bâtiment dessus érigé, portant le numéro civique 3590, rue Saint-Patrick, dans l’arrondissement Le Sud-Ouest, aux fins d'agrandissement de la cour de services et d'implantation potentielle d'un écocentre, pour la somme de 2 900 000 $ plus les taxes applicables, le cas échéant. / Approuver une recette provenant d'un bail estimée à 64 819,21 $ plus les taxes applicables, pour l'année 2023.","2 900 000,00 $",Le Sud-Ouest,CM23 0428,28002110,
Transfert de ruelle,4 Propriétaires Riverains,"Adopter un règlement intitulé « Règlement modifiant le Règlement 1654 adopté par l'ancienne Ville de Montréal-Nord et abrogeant le Règlement 1653 à l'égard de la partie résiduelle de la ruelle située au nord-ouest de la rue de Charleroi entre l'avenue Pigeon et l'avenue Hénault, dans l'arrondissement de Montréal-Nord aux fins de transfert aux propriétaires riverains ». N/Réf. : 31H12-005-3260-08   N/D 20-0439-T","0,00 $",Montréal-Nord,CM23 0943,28345384,
Acquisition de gré à gré - avec bâtiment,9447-4483 Québec Inc.,"Approuver un projet d'acte par lequel la Ville acquiert de 9447-4483 Québec inc., un terrain d’une superficie de 3 155,8 m², connu et désigné comme étant le lot 1 573 829 du cadastre du Québec, avec bâtiment vacant dessus érigé portant le numéro civique 3620 rue Saint-Patrick, dans l’arrondissement Le Sud-Ouest, aux fins d'agrandissement de la cour de services et d'implantation potentielle d'un écocentre, pour la somme de 4 000 000 $, plus les taxes applicables, le cas échéant./ Approuver la renonciation par la Ville de servitudes pour l’utilisation et l’entretien d’une chaufferie.","4 000 000,00 $",Le Sud-Ouest,CM23 0431,28002108,
Acquisition de gré à gré - sans bâtiment,Arrondissement Anjou,"Approuver un projet d'acte de cession par lequel la Ville de Montréal acquiert de l'Association des propriétaires d'habitations Marie G. Lajoie inc., une rue privée dans l'arrondissement d'Anjou, à des fins de dépôt au domaine public.  Verser au registre du domaine public comme rue le lot 1 006 088 du cadastre du Québec, circonscription foncière de Montréal.","0,00 $",Anjou,DA219081002,28463197,
Acquisition de gré à gré - sans bâtiment,Association Des Propriétaires D’Habitations Marie-G. Lajoie « Secteur Nord »,"Approuver un projet d'acte de cession par lequel la Ville de Montréal acquiert de l'Association des propriétaires d'habitations Marie-G. Lajoie « Secteur Nord » inc., une rue privée dans l'arrondissement d'Anjou, à des fins de dépôt au domaine public.  Verser au registre du domaine public comme rue le lot 1 006 074 du cadastre du Québec, circonscription foncière de Montréal.","0,00 $",Anjou,DA219081001,28447156,
Transfert de ruelle,23 Propriétaires Riverains Rdp-Pat,"Adopter un règlement intitulé « Règlement sur la fermeture d’une ruelle située au nord de la 5e Avenue, entre la rue De Montigny et la rue Sainte-Catherine Est, dans l’arrondissement de Rivière-des-Prairies ― Pointe-aux-Trembles, aux fins de transfert aux propriétaires riverains ». N/Réf. : 31H12-005-4580-02 Mandat : 20-0192-T","0,00 $",Rivière-des-Prairies - Pointe-aux-Trembles,CM23 0759,28195364,
Vente de gré à gré,Hbml Bois-Franc S.E.C.,"Approuver un projet d’acte de vente par lequel la Ville vend à HBML Bois-Franc s.e.c. un terrain situé au nord du boulevard Henri-Bourassa et à l’ouest du boulevard Marcel-Laurin, d'une superficie de 277,9 mètres carrés, dans l’arrondissement Saint-Laurent, pour le montant de 235 000 $, plus les taxes applicables, le cas échéant.","235 000,00 $",Saint-Laurent,CM23 0712,28340570,
Acquisition de servitude,Hydro-Québec,"Approuver le projet d'acte modifiant l'emprise de la servitude de conservation sur des terrains vacants situés à proximité de l'avenue Armand-Chaput dans l'arrondissement de Rivière-des-Prairies - Pointe-aux-Trembles, dans le cadre d'un acte d'échange conclu avec Hydro-Québec (CM13 0220) et ce sans contrepartie monétaire.N/Réf. : 31H12-005-5478-11 / 20-0170-T","0,00 $",Rivière-des-Prairies - Pointe-aux-Trembles,CM23 0422,28059485,
Acquisition par expropriation - sans bâtiment,Corporation Immobilière Timex,"Décréter l'acquisition par voie d'expropriation ou par tout autre moyen, d'une partie du lot 1 163 364 du cadastre du Québec, située à l'intersection du boulevard Henri-Bourassa et de la rue Brabant-Marineau, dans l'arrondissement Saint-Laurent, d'une superficie de 83,2 m², pour l’aménagement d’une bretelle et l'implantation d'une piste cyclable dans le cadre du projet de réaménagement du boulevard Henri-Bourassa.",non applicable,Saint-Laurent,CG23 0408,non applicable,
Acquisition de servitude,Hydro-Québec,"Approuver un projet d'acte de servitude par lequel Hydro-Québec cède à la Ville de Montréal, une servitude d'utilités publiques à des fins de construction, de maintien, d’entretien et de réparation d’une conduite, dont l'assiette est d'une superficie de 7 266 m², située dans l'arrondissement de LaSalle, pour un montant de 221 340 $, plus les taxes applicables. N/Réf. : 31H05-005-5856-01H05-005-5856-01 / Mandat : 19-0308-T","221 341,00 $",LaSalle,CM23 0130,28019411,
Acquisition de gré à gré - sans bâtiment,"Produits Suncor Énergie, S.E.N.C.","Approuver un projet d'acte par lequel la Ville acquiert de Produits Suncor Énergie S.E.N.C., aux fins d'aménagement d'une station de chloration permanente, un terrain vacant connu et désigné comme étant le lot 6 519 860 du cadastre du Québec, d’une superficie de 161,3 m², situé sur la rue Sherbrooke Est, dans l’arrondissement de Rivière-des-Prairies – Pointe-aux-Trembles, pour la somme de 21 000 $, plus les taxes si applicables./ Ajouter au domaine public le lot 6 519 860 du cadastre du Québec, circonscription foncière de Montréal. N/Réf. : 31h12-005-4478-01, mandat 19-0270-T","21 000,00 $",Rivière-des-Prairies - Pointe-aux-Trembles,DA238290001,28446221,
Modification d'acte,Ministère Des Transports Et De La Mobilité Durable,Approuver l'entente de permission d'occupation avec le ministre des Transports et de la Mobilité durable pour une durée de 30 ans sur les lots de l'emprise non construite de l'autoroute 440 sur L'Île-Bizard dans l'arrondissement L'Île-Bizard-Sainte-Geneviève dans le cadre du plan de conservation du paysage humanisé. N/Réf:31H12-005-0119-0. Mandat 19-0113-T.,"1,00 $",L'Île-Bizard - Sainte-Geneviève,CG23 0168,9999999,
Transfert de ruelle,9 Propriétaires Riverains,"Adopter un règlement intitulé « Règlement modifiant le Règlement 1654 adopté par l'ancienne Ville de Montréal-Nord et abrogeant le Règlement 1653 à l'égard d'une partie de la ruelle située au sud-est du boulevard Henri-Bourassa Est et au sud-ouest de l’avenue Lausanne, dans l'arrondissement de Montréal-Nord aux fins de transfert aux propriétaires riverains ». N/Réf. : 31H12-005-2857-01 – Mandat : 18-0287-T.","0,00 $",Montréal-Nord,CM23 1062,28341164,
Vente par cession,Théâtre Du Nouveau-Monde,"Approuver un projet de convention par lequel la Ville consent à la Fondation du Théâtre du Nouveau Monde, un droit réel d'usufruit et la cession du droit d'accession sur une partie du lot 2 162 451 du cadastre du Québec, d'une superficie au sol de 162 m² (l' « Immeuble »), laquelle expirera au plus tard le 30 novembre 2062, le tout sans contrepartie financière./ Approuver l’engagement bilatéral par lequel Hydro-Québec s’engage à acquérir et la Ville s’engage à vendre à Hydro-Québec l’Immeuble à la fin de l’usufruit./ Retirer l'Immeuble du registre du domaine public pour des fins de voirie afin de lui conférer un usage à des fins culturelles./ Fermer et retirer du domaine public l'Immeuble. N/Réf. : 31H12-005-0370-12, mandat 18-0172-T","0,00 $",Ville-Marie,CM23 0171,27906629,
Vente de terrain résiduel et de partie de ruelle selon l'encadrement,René Ducharme,"Approuver un projet d'acte de vente par lequel la Ville vend, aux fins d'assemblage résidentiel, à monsieur René Ducharme, un terrain résiduel connu et désigné comme étant le lot 6 390 190 du cadastre du Québec, situé du côté sud de la rue Sainte-Catherine Est entre les rues Atateken et Wolfe, dans l'arrondissement de Ville-Marie, d'une superficie de 71,5 m², pour le prix de 41 510,00 $, plus les taxes applicables N/Réf. : 31H12-005-0671-06 / Mandat 18-0152-T","41 510,00 $",Ville-Marie,DA234396006,28317705,
Vente de terrain résiduel et de partie de ruelle selon l'encadrement,9358-0207 Québec Inc.,"Approuver un projet d'acte de vente par lequel la Ville vend, aux fins d'assemblage résidentiel, à 9358-0207 Québec inc., un terrain résiduel connu et désigné comme étant le lot 6 390 191 du cadastre du Québec, située du côté sud de la rue Sainte-Catherine entre les rues Ahmerst et Wolfe, dans l'arrondissement de Ville-Marie, d'une superficie de 69,1 m², pour le prix de 31 970,00 $, plus les taxes applicables. N/Réf. : 31H12-005-0671-06 / Mandat 18-0151-T.","28 630,00 $",Ville-Marie,DA234396002,28317706,
Vente de terrain résiduel et de partie de ruelle selon l'encadrement,Xiaoyang Zhang,"Approuver un projet d'acte de vente par lequel la Ville vend, aux fins d'assemblage résidentiel, à madame Xiaoyang Zhang, un terrain résiduel connu et désigné comme étant le lot 6 390 189 du cadastre du Québec, situé du côté sud de la rue Sainte-Catherine Est entre les rues Atateken et Wolfe, dans l'arrondissement de Ville-Marie, d'une superficie de 52,2 m², pour le prix de 30 400 $, plus les taxes applicables N/Réf. : 31H12-005-0671-06 / Mandat 18-0150-T","30 400,00 $",Ville-Marie,DA234396005,28317707,
Transfert de ruelle,28 Propriétaires Riverains,"Adopter un règlement intitulé « Règlement sur la fermeture d'une ruelle située au Nord de la 31e Avenue entre la rue René-Lévesque et la rue de Gauchetière, dans l'arrondissement Rivière-des-Prairies-Pointe-aux-Trembles, aux fins de transfert aux propriétaires riverains ». N/Réf. : 31H11-005-5101  N/D: 18-0052-T","1,00 $",Rivière-des-Prairies - Pointe-aux-Trembles,CM23 1060,28429582,
Transfert de ruelle,Mireille Lussier Et Daniel Chouinard,"Adopter un règlement intitulé « Règlement sur la fermeture d'une ruelle située à l'ouest de la 70e Avenue et au nord du boulevard Perras, dans l'arrondissement de Rivière-des-Prairies - Pointes-aux-Trembles, aux fins de transfert aux propriétaires riverains ». N/Réf: 31H12-005-5271-07 Mandat : 18-0011-T","0,00 $",Rivière-des-Prairies - Pointe-aux-Trembles,CM23 0303,28210665,
Vente de gré à gré,Acier St-Denis,"Approuver le projet d'acte par lequel la Ville vend, à Saint-Denis Ornemental inc., un immeuble situé dans le prolongement sud de l'avenue de Bruxelles au sud du boulevard Industriel, dans l'arrondissement de Montréal-Nord, connu et désigné comme étant les lots 1 175 088, 1 175 093, 1 175 089 et partie du lot 1 413 156 du cadastre du Québec, pour un montant de 105 400 $, plus les taxes applicables. Fermer et retirer ces lots du domaine public. N/Réf. : 31H12-005-2659-02.","105 400,00 $",Montréal-Nord,DA237723001,27910010,
Acquisition de servitude,Grilli,"Approuver un projet d'acte par lequel la Ville acquiert, de gré à gré, de Développement immobilier Grilli inc., deux terrains vacants d'une superficie totale de 8 115,9 mètres carrés, pour les fins de construction d'une piste cyclable, lesquels sont connus et désignés comme étant les lots 1 559 479 et le 1 559 480, situés sur le territoire de la municipalité de Sainte-Anne-de-Bellevue, pour un montant de 150 000 $, plus les taxes applicables. N/Réf:31H05-005-6115-01. Mandat 17-0442-T","150 000,00 $",Sainte-Anne-de-Bellevue,CG23 0488,28340794,
Transfert de ruelle,5 Propriétaires Riverains Rdp-Pat,"Adopter un règlement intitulé « Règlement sur la fermeture d'une ruelle située au nord de la 82e Avenue entre la rue Notre-Dame Est et la propriété de la Compagnie des chemins de fer nationaux du Canada, dans l'arrondissement de Rivière-des-Prairies - Pointe-aux-Trembles, aux fins de transfert aux propriétaires riverains ». N/Réf. : 31H11-005-6102-03  N/D: 17-0230","0,00 $",Rivière-des-Prairies - Pointe-aux-Trembles,CM23 1298,28464016,
Transfert de ruelle,"21 Propriétaires Riverains, Arrond. Rdp-Pat","Adopter un règlement intitulé « Règlement sur la fermeture d'une ruelle située au nord de la 6e Avenue, entre la rue De Montigny et la rue Sainte-Catherine Est, dans l'arrondissement de Rivière-des-Prairies - Pointe-aux-Trembles, aux fins de transfert aux propriétaires riverains ». N/Réf.: 31H12-005-4580-01  Mandat: 16-0404-T","0,00 $",Rivière-des-Prairies - Pointe-aux-Trembles,CM23 0302,28213826,
Transfert de ruelle,Propriétaires Riverains,"Adopter un règlement intitulé « Règlement sur la fermeture d'une ruelle située au sud-est de la rue Sherbrooke Est entre l’avenue Haig et la rue Arcand, dans l'arrondissement de Mercier – Hochelaga-Maisonneuve aux fins de transfert aux propriétaires riverains ». N/Réf. : 31H12-005-2874-03 Mandat : 16-0384-T","0,00 $",Mercier - Hochelaga-Maisonneuve,CM23 1066,28347221,
Acquisition de servitude,Développements Cp Fpi Ppl Québec Ltée,"Approuver un projet d'acte par lequel DÉVELOPPEMENTS CP FPI PPL QUÉBEC LTÉE / CP REIT PPL QUÉBEC DEVELOPMENTS LTD. accorde à la Ville de Montréal, une servitude pour fins d'utilités publiques, dont l'assiette est composée d'une partie du lot 2 887 894 du cadastre du Québec, située au nord-est de la rue Gilberte-Dubé, entre la rue Wellington et le boulevard Gaétan-Laberge, dans l'arrondissement de Verdun, et ce, sans contrepartie financière. N/Réf. : 31H05-005-7170-01 / Mandat : 15-0231-T.","0,00 $",Verdun,DA208703001,28155679,
Transfert de ruelle,20 Propriétaires Riverains,"Adopter un règlement intitulé « Règlement sur la fermeture d'une ruelle située à l'ouest de la rue Victoria entre la 50e Avenue et la 51e Avenue, dans l'arrondissement de Rivière-des-Prairies-Pointe-aux-Trembles, aux fins de transfert aux propriétaires riverains ». N/Réf. : 31H11-005-5501-05  N/D: 12-0418-T.","0,00 $",Rivière-des-Prairies - Pointe-aux-Trembles,CM23 0452,28104499,
Transfert de ruelle,3 Propriétaires Riverains,"Adopter un règlement intitulé « Règlement modifiant les Règlements 1654 et 1681 adoptés par l'ancienne Ville de Montréal-Nord et abrogeant le Règlement 1653 à l'égard de la partie résiduelle de la ruelle située au sud-est du boulevard Gouin Est entre l'avenue Éthier et l'avenue Bellevois, dans l'arrondissement de Montréal-Nord aux fins de transfert aux propriétaires riverains ». N/Réf. : 31H12-005-3458-02   Mandat 12-0415-T","0,00 $",Montréal-Nord,CM23 0946,28337189,
Transfert de ruelle,Propriétaires Riverains,"Adopter un règlement intitulé « Règlement sur la fermeture d'une ruelle située à l'est de la 12e Avenue entre la rue Saint-Georges et la rue Sherbrooke, dans l'arrondissement de Lachine,  aux fins de transfert aux propriétaires riverains ».  N/Réf. : 31H05-005-6353-19  Mandat : 12-0383-T","0,00 $",Lachine,CM23 1063,28386465,
